mode,task_id,repeat,verified_ok,parse_failures
untyped_tool,plan_0,0,True,0
untyped_tool,plan_0,1,True,0
untyped_tool,plan_0,2,True,0
untyped_tool,plan_1,0,True,0
untyped_tool,plan_1,1,True,0
untyped_tool,plan_1,2,True,0
untyped_tool,plan_2,0,True,0
untyped_tool,plan_2,1,True,0
untyped_tool,plan_2,2,True,0
untyped_tool,plan_3,0,True,0
untyped_tool,plan_3,1,True,0
untyped_tool,plan_3,2,True,0
untyped_tool,plan_4,0,True,0
untyped_tool,plan_4,1,True,0
untyped_tool,plan_4,2,True,0
untyped_tool,plan_5,0,True,0
untyped_tool,plan_5,1,True,0
untyped_tool,plan_5,2,True,0
untyped_tool,verify_0,0,True,0
untyped_tool,verify_0,1,True,0
untyped_tool,verify_0,2,True,0
untyped_tool,verify_1,0,True,0
untyped_tool,verify_1,1,True,0
untyped_tool,verify_1,2,True,0
untyped_tool,verify_2,0,True,0
untyped_tool,verify_2,1,True,0
untyped_tool,verify_2,2,True,0
untyped_tool,verify_3,0,True,0
untyped_tool,verify_3,1,True,0
untyped_tool,verify_3,2,True,0
untyped_tool,verify_4,0,True,0
untyped_tool,verify_4,1,True,0
untyped_tool,verify_4,2,True,0
untyped_tool,verify_5,0,True,0
untyped_tool,verify_5,1,True,0
untyped_tool,verify_5,2,True,0
typed_contract,plan_0,0,True,0
typed_contract,plan_0,1,True,0
typed_contract,plan_0,2,True,0
typed_contract,plan_1,0,True,0
typed_contract,plan_1,1,True,0
typed_contract,plan_1,2,True,0
typed_contract,plan_2,0,True,0
typed_contract,plan_2,1,True,0
typed_contract,plan_2,2,True,0
typed_contract,plan_3,0,True,0
typed_contract,plan_3,1,True,0
typed_contract,plan_3,2,True,0
typed_contract,plan_4,0,True,0
typed_contract,plan_4,1,True,0
typed_contract,plan_4,2,True,0
typed_contract,plan_5,0,True,0
typed_contract,plan_5,1,True,0
typed_contract,plan_5,2,True,0
typed_contract,verify_0,0,True,0
typed_contract,verify_0,1,True,0
typed_contract,verify_0,2,True,0
typed_contract,verify_1,0,True,0
typed_contract,verify_1,1,True,0
typed_contract,verify_1,2,True,0
typed_contract,verify_2,0,True,0
typed_contract,verify_2,1,True,0
typed_contract,verify_2,2,True,0
typed_contract,verify_3,0,True,0
typed_contract,verify_3,1,True,0
typed_contract,verify_3,2,True,0
typed_contract,verify_4,0,True,0
typed_contract,verify_4,1,True,0
typed_contract,verify_4,2,True,0
typed_contract,verify_5,0,True,0
typed_contract,verify_5,1,True,0
typed_contract,verify_5,2,True,0
